{"0": {"precision": 0.7693298969072165, "recall": 0.5186794092093832, "f1-score": 0.6196159833938765, "support": 1151.0}, "1": {"precision": 0.8566252587991718, "recall": 0.9486959014044138, "f1-score": 0.90031279749762, "support": 3489.0}, "accuracy": 0.8420258620689656, "macro avg": {"precision": 0.8129775778531942, "recall": 0.7336876553068985, "f1-score": 0.7599643904457483, "support": 4640.0}, "weighted avg": {"precision": 0.8349707412264045, "recall": 0.8420258620689656, "f1-score": 0.8306830489990407, "support": 4640.0}}