{"0": {"precision": 0.7087475149105368, "recall": 0.6194613379669852, "f1-score": 0.6611033843300881, "support": 1151.0}, "1": {"precision": 0.879471656576775, "recall": 0.9160217827457724, "f1-score": 0.8973747016706444, "support": 3489.0}, "accuracy": 0.8424568965517242, "macro avg": {"precision": 0.7941095857436559, "recall": 0.7677415603563789, "f1-score": 0.7792390430003662, "support": 4640.0}, "weighted avg": {"precision": 0.8371217671246542, "recall": 0.8424568965517242, "f1-score": 0.8387651572182779, "support": 4640.0}}