{"0": {"precision": 0.7786259541984732, "recall": 0.5317115551694179, "f1-score": 0.6319050077439339, "support": 1151.0}, "1": {"precision": 0.8601453035806954, "recall": 0.9501289767841788, "f1-score": 0.9029007217758409, "support": 3489.0}, "accuracy": 0.8463362068965518, "macro avg": {"precision": 0.8193856288895843, "recall": 0.7409202659767984, "f1-score": 0.7674028647598874, "support": 4640.0}, "weighted avg": {"precision": 0.8399235856628209, "recall": 0.8463362068965518, "f1-score": 0.8356774315062881, "support": 4640.0}}