{"0": {"precision": 0.617474302496329, "recall": 0.7306689834926151, "f1-score": 0.6693195384003183, "support": 1151.0}, "1": {"precision": 0.9054301403294692, "recall": 0.8506735454284895, "f1-score": 0.8771981675779518, "support": 3489.0}, "accuracy": 0.8209051724137931, "macro avg": {"precision": 0.7614522214128991, "recall": 0.7906712644605522, "f1-score": 0.7732588529891351, "support": 4640.0}, "weighted avg": {"precision": 0.8339997159014638, "recall": 0.8209051724137931, "f1-score": 0.8256317231418622, "support": 4640.0}}